{
	"class_name" : "PinholeCameraParameters",
	"extrinsic" : 
	[
		0.92970867247730715,
		0.0096027745098688222,
		-0.36817057329748121,
		0.0,
		0.21265667453346307,
		-0.83017548978849787,
		0.51535016729481775,
		0.0,
		-0.30069739456279315,
		-0.55741944967514412,
		-0.77386344662802597,
		0.0,
		-407.69994331896214,
		-645.87489276475367,
		-412.19564098321905,
		1.0
	],
	"intrinsic" : 
	{
		"height" : 720,
		"intrinsic_matrix" : 
		[
			623.53829072479584,
			0.0,
			0.0,
			0.0,
			623.53829072479584,
			0.0,
			639.5,
			359.5,
			1.0
		],
		"width" : 1280
	},
	"version_major" : 1,
	"version_minor" : 0
}